{"mel_mean": -6.796193599700928, "mel_std": 2.4701178073883057}