{"mel_mean": -5.266092777252197, "mel_std": 1.8341699838638306}