{"mel_mean": -5.264439582824707, "mel_std": 1.8346129655838013}