{"mel_mean": -5.348413467407227, "mel_std": 1.7047374248504639}